cluster,F1,F2
1,-2.601148357881399,-0.6555298257378597
2,-0.6705058739214528,1.7575121267233604
3,0.5462747978981873,-1.1365272384842693
4,2.725379433904664,0.034544937498767886
